insert into program (program_adi, ucret, min_egt_seviye, min_ogr_seviye) VALUES  ('Giris',500,0,0);
insert into program (program_adi, ucret, min_egt_seviye, min_ogr_seviye) VALUES  ('Baslangic_1',1000,1,1);
insert into program (program_adi, ucret, min_egt_seviye, min_ogr_seviye) VALUES  ('Baslangic_2',1500,1,1);
insert into program (program_adi, ucret, min_egt_seviye, min_ogr_seviye) VALUES  ('Baslangic_3',2000,1,1);
insert into program (program_adi, ucret, min_egt_seviye, min_ogr_seviye) VALUES  ('Orta_1',3000,2,2);
insert into program (program_adi, ucret, min_egt_seviye, min_ogr_seviye) VALUES  ('Orta_2',3500,2,2);
insert into program (program_adi, ucret, min_egt_seviye, min_ogr_seviye) VALUES  ('Orta_3',4000,2,2);
insert into program (program_adi, ucret, min_egt_seviye, min_ogr_seviye) VALUES  ('Ileri_1',5000,3,3);
insert into program (program_adi, ucret, min_egt_seviye, min_ogr_seviye) VALUES  ('Ileri_2',5500,3,3);
insert into program (program_adi, ucret, min_egt_seviye, min_ogr_seviye) VALUES  ('Ileri_3',6000,3,3);

insert into egitmen (tc_kimlik_no, ad, soyad, maas, seviye,komisyon) VALUES ('20268592624','Belgin','Yildiz',4700,2,0);
insert into egitmen (tc_kimlik_no, ad, soyad, maas, seviye,komisyon) VALUES ('58802084275','Adnan','Dogan',7500,3,0);
insert into egitmen (tc_kimlik_no, ad, soyad, maas, seviye,komisyon) VALUES ('56272137253','Zeki','Bagci',7500,1,0);
insert into egitmen (tc_kimlik_no, ad, soyad, maas, seviye,komisyon) VALUES ('12701020294','Kismet','Yalaz',6700,1,0);
insert into egitmen (tc_kimlik_no, ad, soyad, maas, seviye,komisyon) VALUES ('66424534321','Bilge','Ergun',7700,3,0);
insert into egitmen (tc_kimlik_no, ad, soyad, maas, seviye,komisyon) VALUES ('31798728308','Hayati','Apak',9700,2,0);
insert into egitmen (tc_kimlik_no, ad, soyad, maas, seviye,komisyon) VALUES ('31591332128','Esen','Alabora',5300,2,0);
insert into egitmen (tc_kimlik_no, ad, soyad, maas, seviye,komisyon) VALUES ('43595351817','Cenk','Tuncer',6700,3,0);
insert into egitmen (tc_kimlik_no, ad, soyad, maas, seviye,komisyon) VALUES ('98781597061','Yaren','Tasdemir',4200,3,0);

insert into ogrenci (tc_kimlik_no, ad, soyad, dogum_tarihi, seviye) VALUES ('81747661075',	'Kismet','Incesu','1998-05-24',3);
insert into ogrenci (tc_kimlik_no, ad, soyad, dogum_tarihi, seviye) VALUES ('19213292797',	'Zel','Dogan','1986-09-27',1);
insert into ogrenci (tc_kimlik_no, ad, soyad, dogum_tarihi, seviye) VALUES ('52589985902',	'Arslan','Izzet','1987-01-28',2);
insert into ogrenci (tc_kimlik_no, ad, soyad, dogum_tarihi, seviye) VALUES ('92852797667',	'Adalet','Vardar','1975-05-10',3);
insert into ogrenci (tc_kimlik_no, ad, soyad, dogum_tarihi, seviye) VALUES ('27779554192',	'Ilkin','Topbas','1981-10-02',2);
insert into ogrenci (tc_kimlik_no, ad, soyad, dogum_tarihi, seviye) VALUES ('84788704985',	'Deniz','Taner','1960-09-13',2);
insert into ogrenci (tc_kimlik_no, ad, soyad, dogum_tarihi, seviye) VALUES ('54971716411',	'Cansu','Ozen','1977-08-02',1);
insert into ogrenci (tc_kimlik_no, ad, soyad, dogum_tarihi, seviye) VALUES ('79628840952',	'Duyal','Akyildiz','1984-10-04',2);
insert into ogrenci (tc_kimlik_no, ad, soyad, dogum_tarihi, seviye) VALUES ('86202131708',	'Esmeray','Toraman','1976-12-08',2);
insert into ogrenci (tc_kimlik_no, ad, soyad, dogum_tarihi, seviye) VALUES ('76862777408',	'Metin','Ibrahimoglu','1966-11-11',1);
insert into ogrenci (tc_kimlik_no, ad, soyad, dogum_tarihi, seviye) VALUES ('32937316367',	'Ata','Altun','1997-01-06',2);
insert into ogrenci (tc_kimlik_no, ad, soyad, dogum_tarihi, seviye) VALUES ('65503880860',	'Sinem','Inci','1996-11-21',2);
insert into ogrenci (tc_kimlik_no, ad, soyad, dogum_tarihi, seviye) VALUES ('70135326213',	'Asli','Oz','1953-11-15',3);
insert into ogrenci (tc_kimlik_no, ad, soyad, dogum_tarihi, seviye) VALUES ('81213835786',	'Beyza','Karakas','1996-06-09',3);
insert into ogrenci (tc_kimlik_no, ad, soyad, dogum_tarihi, seviye) VALUES ('63193188573',	'Derya','Gorgulu','1980-03-25',3);
insert into ogrenci (tc_kimlik_no, ad, soyad, dogum_tarihi, seviye) VALUES ('24773895382',	'Tulay','Zarakolu','1996-02-14',3);
insert into ogrenci (tc_kimlik_no, ad, soyad, dogum_tarihi, seviye) VALUES ('21487008082',	'Onur','Saglik','1952-04-18',1);
insert into ogrenci (tc_kimlik_no, ad, soyad, dogum_tarihi, seviye) VALUES ('56642370765',	'Guher','Aktuna','1986-01-09',1);
insert into ogrenci (tc_kimlik_no, ad, soyad, dogum_tarihi, seviye) VALUES ('30956325035',	'Aygul','Koray','1990-09-24',2);
insert into ogrenci (tc_kimlik_no, ad, soyad, dogum_tarihi, seviye) VALUES ('11585577609',	'Alp','Dede','1996-07-03',1);
insert into ogrenci (tc_kimlik_no, ad, soyad, dogum_tarihi, seviye) VALUES ('27115998669',	'Binnaz','Alisik','1993-12-24',2);
insert into ogrenci (tc_kimlik_no, ad, soyad, dogum_tarihi, seviye) VALUES ('24505229598',	'Tunc','Yalman','1966-10-21',1);
insert into ogrenci (tc_kimlik_no, ad, soyad, dogum_tarihi, seviye) VALUES ('36667972203',	'Dogu','Kaptan','1989-11-13',2);
insert into ogrenci (tc_kimlik_no, ad, soyad, dogum_tarihi, seviye) VALUES ('94867260083',	'Ensar','Gulek','1998-04-16',2);
insert into ogrenci (tc_kimlik_no, ad, soyad, dogum_tarihi, seviye) VALUES ('97474835828',	'Kara','Akagunduz','1971-08-14',1);
insert into ogrenci (tc_kimlik_no, ad, soyad, dogum_tarihi, seviye) VALUES ('47514086479',	'Nergis','Akcatepe','1973-04-07',1);
insert into ogrenci (tc_kimlik_no, ad, soyad, dogum_tarihi, seviye) VALUES ('38167913188',	'Esana','Birkan','1961-06-05',1);
insert into ogrenci (tc_kimlik_no, ad, soyad, dogum_tarihi, seviye) VALUES ('84356626083',	'Seda','Ertugrul','1967-01-10',1);
insert into ogrenci (tc_kimlik_no, ad, soyad, dogum_tarihi, seviye) VALUES ('23540286921',	'Tevrat','Gucer','1996-02-01',2);
insert into ogrenci (tc_kimlik_no, ad, soyad, dogum_tarihi, seviye) VALUES ('62849192776',	'Tuncay','Ceren','1953-05-26',3);
insert into ogrenci (tc_kimlik_no, ad, soyad, dogum_tarihi, seviye) VALUES ('98451681431',	'Eren','Akgun','1953-12-07',1);
insert into ogrenci (tc_kimlik_no, ad, soyad, dogum_tarihi, seviye) VALUES ('30796504158',	'Kader','Sozen','1996-06-13',2);
insert into ogrenci (tc_kimlik_no, ad, soyad, dogum_tarihi, seviye) VALUES ('31381781635',	'Guney','Tayfur','1962-02-24',1);
insert into ogrenci (tc_kimlik_no, ad, soyad, dogum_tarihi, seviye) VALUES ('67421571509',	'Gulben','Topbas','2001-08-08',3);
insert into ogrenci (tc_kimlik_no, ad, soyad, dogum_tarihi, seviye) VALUES ('76419371038',	'Tutku','Atalar','1972-01-11',1);
insert into ogrenci (tc_kimlik_no, ad, soyad, dogum_tarihi, seviye) VALUES ('86199524087',	'Goksu','Alptekin','1952-12-15',2);
insert into ogrenci (tc_kimlik_no, ad, soyad, dogum_tarihi, seviye) VALUES ('33641268065',	'Ezgi','Aydemir','1978-10-22',2);
insert into ogrenci (tc_kimlik_no, ad, soyad, dogum_tarihi, seviye) VALUES ('12937362153',	'Songul','Sporel','1967-07-24',2);
insert into ogrenci (tc_kimlik_no, ad, soyad, dogum_tarihi, seviye) VALUES ('23995563627',	'Esen','Koray','1973-09-14',1);
insert into ogrenci (tc_kimlik_no, ad, soyad, dogum_tarihi, seviye) VALUES ('10037571042',	'Guney','Gulek','1961-01-13',2);
insert into ogrenci (tc_kimlik_no, ad, soyad, dogum_tarihi, seviye) VALUES ('47581716151',	'Birdal','Sabanci','1958-06-17',2);
insert into ogrenci (tc_kimlik_no, ad, soyad, dogum_tarihi, seviye) VALUES ('63956851353',	'Tayyip','Bardakci','1974-10-04',3);
insert into ogrenci (tc_kimlik_no, ad, soyad, dogum_tarihi, seviye) VALUES ('11724771140',	'Erhan','Gun','1957-10-04',3);
insert into ogrenci (tc_kimlik_no, ad, soyad, dogum_tarihi, seviye) VALUES ('16760538887',	'Halil','Hikmet','1954-01-22',3);
insert into ogrenci (tc_kimlik_no, ad, soyad, dogum_tarihi, seviye) VALUES ('41475425773',	'Alp','Sokmen','1968-09-13',1);
insert into ogrenci (tc_kimlik_no, ad, soyad, dogum_tarihi, seviye) VALUES ('44987709984',	'Halim','Yagmur','1969-09-25',3);
insert into ogrenci (tc_kimlik_no, ad, soyad, dogum_tarihi, seviye) VALUES ('35594992586',	'Mert','Dogramaci','1967-07-06',1);
insert into ogrenci (tc_kimlik_no, ad, soyad, dogum_tarihi, seviye) VALUES ('74898202428',	'Tunc','Boran','2001-08-07',1);
insert into ogrenci (tc_kimlik_no, ad, soyad, dogum_tarihi, seviye) VALUES ('64778927294',	'Elvan','Adem','1962-11-06',3);
insert into ogrenci (tc_kimlik_no, ad, soyad, dogum_tarihi, seviye) VALUES ('60719364528',	'Ersin','Ozel','1992-03-21',2);
insert into ogrenci (tc_kimlik_no, ad, soyad, dogum_tarihi, seviye) VALUES ('41931831449',	'Enes','Nacar','1977-01-08',1);
insert into ogrenci (tc_kimlik_no, ad, soyad, dogum_tarihi, seviye) VALUES ('11515517719',	'Baran','Karabag','1951-01-25',2);
insert into ogrenci (tc_kimlik_no, ad, soyad, dogum_tarihi, seviye) VALUES ('67452250074',	'Osman','Tore','1950-03-19',3);
insert into ogrenci (tc_kimlik_no, ad, soyad, dogum_tarihi, seviye) VALUES ('85214969209',	'Caner','Yorulmaz','1977-01-05',2);
insert into ogrenci (tc_kimlik_no, ad, soyad, dogum_tarihi, seviye) VALUES ('43322704914',	'Gencay','Sayin','1951-03-03',2);
insert into ogrenci (tc_kimlik_no, ad, soyad, dogum_tarihi, seviye) VALUES ('57247389505',	'Ferhat','Sarigul','2000-06-07',3);
insert into ogrenci (tc_kimlik_no, ad, soyad, dogum_tarihi, seviye) VALUES ('78098408256',	'Dogukan','Baytas','1974-07-02',1);

insert into grup (program_id, egitmen_no, gun) VALUES ((select program_id from program where program_adi = 'Giris'),'56272137253','Pazartesi');
insert into grup (program_id, egitmen_no, gun) VALUES ((select program_id from program where program_adi = 'Giris'),'12701020294','Sali');
insert into grup (program_id, egitmen_no, gun) VALUES ((select program_id from program where program_adi = 'Giris'),'56272137253','Carsamba');
insert into grup (program_id, egitmen_no, gun) VALUES ((select program_id from program where program_adi = 'Giris'),'12701020294','Persembe');
insert into grup (program_id, egitmen_no, gun) VALUES ((select program_id from program where program_adi = 'Giris'),'56272137253','Cuma');
insert into grup (program_id, egitmen_no, gun) VALUES ((select program_id from program where program_adi = 'Giris'),'12701020294','Cumartesi');
insert into grup (program_id, egitmen_no, gun) VALUES ((select program_id from program where program_adi = 'Giris'),'56272137253','Pazar');
insert into grup (program_id, egitmen_no, gun) VALUES ((select program_id from program where program_adi = 'Baslangic_1'),'12701020294','Cumartesi');
insert into grup (program_id, egitmen_no, gun) VALUES ((select program_id from program where program_adi = 'Baslangic_1'),'56272137253','Pazar');
insert into grup (program_id, egitmen_no, gun) VALUES ((select program_id from program where program_adi = 'Baslangic_2'),'12701020294','Cumartesi');
insert into grup (program_id, egitmen_no, gun) VALUES ((select program_id from program where program_adi = 'Baslangic_2'),'56272137253','Pazar');
insert into grup (program_id, egitmen_no, gun) VALUES ((select program_id from program where program_adi = 'Baslangic_3'),'12701020294','Cuma');
insert into grup (program_id, egitmen_no, gun) VALUES ((select program_id from program where program_adi = 'Baslangic_3'),'56272137253','Cumartesi');
insert into grup (program_id, egitmen_no, gun) VALUES ((select program_id from program where program_adi = 'Baslangic_3'),'12701020294','Pazar');
insert into grup (program_id, egitmen_no, gun) VALUES ((select program_id from program where program_adi = 'Orta_1'),'20268592624','Cumartesi');
insert into grup (program_id, egitmen_no, gun) VALUES ((select program_id from program where program_adi = 'Orta_1'),'31798728308','Pazar');
insert into grup (program_id, egitmen_no, gun) VALUES ((select program_id from program where program_adi = 'Orta_2'),'31591332128','Cumartesi');
insert into grup (program_id, egitmen_no, gun) VALUES ((select program_id from program where program_adi = 'Orta_2'),'20268592624','Pazar');
insert into grup (program_id, egitmen_no, gun) VALUES ((select program_id from program where program_adi = 'Orta_3'),'31798728308','Cumartesi');
insert into grup (program_id, egitmen_no, gun) VALUES ((select program_id from program where program_adi = 'Orta_3'),'31591332128','Pazar');
insert into grup (program_id, egitmen_no, gun) VALUES ((select program_id from program where program_adi = 'Ileri_1'),'58802084275','Cumartesi');
insert into grup (program_id, egitmen_no, gun) VALUES ((select program_id from program where program_adi = 'Ileri_1'),'66424534321','Pazar');
insert into grup (program_id, egitmen_no, gun) VALUES ((select program_id from program where program_adi = 'Ileri_2'),'43595351817','Cumartesi');
insert into grup (program_id, egitmen_no, gun) VALUES ((select program_id from program where program_adi = 'Ileri_2'),'98781597061','Pazar');
insert into grup (program_id, egitmen_no, gun) VALUES ((select program_id from program where program_adi = 'Ileri_3'),'58802084275','Pazar');

